{"cameraMode":{"drawMode":0,"name":"Shaded","section":"Shading Mode"},"sceneLighting":true,"audioPlay":false,"sceneViewState":{"showFog":true,"showMaterialUpdate":false,"showSkybox":true,"showFlares":true,"showImageEffects":true,"showParticleSystems":true},"in2DMode":false,"pivot":{"x":11.201079368591309,"y":1.900465488433838,"z":5.373758792877197},"rotation":{"x":-0.1452871412038803,"y":0.009495344012975693,"z":-0.0013941600918769837,"w":-0.9893465042114258},"size":0.4248756170272827,"orthographic":false}