{"cameraMode":{"drawMode":0,"name":"Shaded","section":"Shading Mode"},"sceneLighting":true,"audioPlay":false,"sceneViewState":{"m_AlwaysRefresh":false,"showFog":true,"showSkybox":true,"showFlares":true,"showImageEffects":true,"showParticleSystems":true,"showVisualEffectGraphs":true,"m_FxEnabled":true},"in2DMode":false,"pivot":{"x":32.5291633605957,"y":1.5421509742736817,"z":-17.770492553710939},"rotation":{"x":-0.0000816339670564048,"y":-0.9931904673576355,"z":0.1170482337474823,"w":0.00006253094034036621},"size":2.0881407260894777,"orthographic":false}