{"cameraMode":{"drawMode":0,"name":"Shaded","section":"Shading Mode"},"sceneLighting":true,"audioPlay":false,"sceneViewState":{"m_AlwaysRefresh":false,"showFog":true,"showSkybox":true,"showFlares":true,"showImageEffects":true,"showParticleSystems":true,"showVisualEffectGraphs":true,"m_FxEnabled":true},"in2DMode":false,"pivot":{"x":33.05397033691406,"y":1.6268587112426758,"z":-18.455684661865236},"rotation":{"x":-0.05504445731639862,"y":0.9276593923568726,"z":-0.33684825897216799,"w":-0.15162873268127442},"size":2.400648355484009,"orthographic":false}