{"cameraMode":{"drawMode":0,"name":"Shaded","section":"Shading Mode"},"sceneLighting":true,"audioPlay":false,"sceneViewState":{"m_AlwaysRefresh":false,"showFog":true,"showSkybox":true,"showFlares":true,"showImageEffects":true,"showParticleSystems":true,"showVisualEffectGraphs":true,"m_FxEnabled":true},"in2DMode":false,"pivot":{"x":31.196765899658204,"y":0.7465829849243164,"z":-18.92472267150879},"rotation":{"x":0.0013371484819799662,"y":0.989564836025238,"z":-0.14380361139774323,"w":0.009204383008182049},"size":2.215378761291504,"orthographic":false}