{"cameraMode":{"drawMode":0,"name":"Shaded","section":"Shading Mode"},"sceneLighting":true,"audioPlay":false,"sceneViewState":{"m_AlwaysRefresh":false,"showFog":true,"showSkybox":true,"showFlares":true,"showImageEffects":true,"showParticleSystems":true,"showVisualEffectGraphs":true,"m_FxEnabled":true},"in2DMode":false,"pivot":{"x":30.519756317138673,"y":2.5016238689422609,"z":-13.569381713867188},"rotation":{"x":0.021694913506507875,"y":0.9774235486984253,"z":-0.16909773647785188,"w":0.12528741359710694},"size":1.1489124298095704,"orthographic":false}